ride_id,start_time,end_time,start_station_id,end_station_id,bike_id,user_type,customer_id
9f9cbf5b-97a1-4e60-a2b9-13d3e82e9181,2025-06-17 00:02:47,2025-06-17 01:30:40,1066c763-a3b3-4292-9d33-cf474e397055,96bd6410-a693-4dec-b53c-e67b25cb314a,26354a04-099a-423a-9b26-5c91ad1e3525,non-member,738d0c27-246d-41b5-827a-5570dc344ea6
18693419-040c-4982-907e-c7ebff8c1407,2025-06-17 00:29:50,2025-06-17 02:01:03,65008017-abdf-42fc-8752-c5188ca7cd61,65008017-abdf-42fc-8752-c5188ca7cd61,23a0e656-edc6-4dd6-939b-80f4d715c9cd,member,3f336de6-65d3-4d4a-ba44-e3a07e5c2d7a
d619b137-1bcf-4445-93f3-19fdad142d13,2025-06-17 02:22:17,2025-06-17 03:26:57,65008017-abdf-42fc-8752-c5188ca7cd61,47a93244-6745-475a-8bf2-a08f341805e9,23a0e656-edc6-4dd6-939b-80f4d715c9cd,non-member,c42c127d-90a7-4d27-af44-0ed66ec62513
25b3679c-9105-4c13-99ad-33764f04e6ea,2025-06-17 03:55:33,2025-06-17 05:06:23,65008017-abdf-42fc-8752-c5188ca7cd61,99810fea-31be-4514-ab04-fce0cc4c715e,23a0e656-edc6-4dd6-939b-80f4d715c9cd,non-member,9b43d121-a61f-4639-be02-c8c2bd0e0758
a6ba3c26-0084-4f0a-849b-bd48ceb15e28,2025-06-17 06:24:39,2025-06-17 07:16:46,65008017-abdf-42fc-8752-c5188ca7cd61,69b25e37-55ba-4437-a09b-5973a647f7bb,23a0e656-edc6-4dd6-939b-80f4d715c9cd,member,900ca4e8-210f-4dca-a5ee-8c7c5965c712
d73d6e8b-22f4-4109-b086-5c3a7d05afd0,2025-06-17 07:56:35,2025-06-17 09:42:01,65008017-abdf-42fc-8752-c5188ca7cd61,94a13905-46d0-4830-9f48-6b582e13bbc6,23a0e656-edc6-4dd6-939b-80f4d715c9cd,member,e97fda58-0bdc-4960-be8f-508ec8728e38
bc3284ab-2e50-455f-b0c6-976977c08b66,2025-06-17 16:16:35,2025-06-17 19:13:16,65008017-abdf-42fc-8752-c5188ca7cd61,3405b75d-474c-4774-9805-afc93f409d64,23a0e656-edc6-4dd6-939b-80f4d715c9cd,member,c624cebe-4794-48bb-b56f-7032db6a30b3
34d6a427-ed8e-43aa-afef-2d4a72667b42,2025-06-17 20:26:55,2025-06-17 21:50:47,65008017-abdf-42fc-8752-c5188ca7cd61,96bd6410-a693-4dec-b53c-e67b25cb314a,23a0e656-edc6-4dd6-939b-80f4d715c9cd,non-member,9264716d-dd11-4542-9e18-f2072bf8ff4a
6afb41f5-847e-4d13-8336-7890b89ba65c,2025-06-17 21:54:39,2025-06-17 22:59:52,65008017-abdf-42fc-8752-c5188ca7cd61,94a13905-46d0-4830-9f48-6b582e13bbc6,23a0e656-edc6-4dd6-939b-80f4d715c9cd,non-member,6b4e16c9-18f6-4460-af2f-08cd54c8835a
82a817a7-1caf-4921-990f-bcb8b5284086,2025-06-17 01:02:33,2025-06-17 02:35:53,844e0cdf-2a22-4096-8d58-6c034b3ebf30,bcea2fb3-eaf4-4a1d-b631-c910b29db6da,78474814-e054-4ab5-af7f-8ce8e3e2ec31,non-member,7e4994ae-2861-4d59-b811-493f27d24925
dfef4616-3bfe-4c82-a388-f3cc64e750d8,2025-06-17 02:51:58,2025-06-17 03:37:12,844e0cdf-2a22-4096-8d58-6c034b3ebf30,c4ad6437-6c2d-43d1-aa23-d46b5df8b6a7,78474814-e054-4ab5-af7f-8ce8e3e2ec31,member,62d41098-0436-4802-88c1-4829c4514e0e
424195f2-bb8a-41f3-b2ab-94bf623ae4d9,2025-06-17 04:05:10,2025-06-17 04:36:40,844e0cdf-2a22-4096-8d58-6c034b3ebf30,65008017-abdf-42fc-8752-c5188ca7cd61,78474814-e054-4ab5-af7f-8ce8e3e2ec31,member,a24d3682-8977-4682-a31b-0efcfc6bd370
189f279b-169a-41dc-a623-e7de2a045fde,2025-06-17 06:57:50,2025-06-17 07:55:37,844e0cdf-2a22-4096-8d58-6c034b3ebf30,c4ad6437-6c2d-43d1-aa23-d46b5df8b6a7,78474814-e054-4ab5-af7f-8ce8e3e2ec31,non-member,f1a8025a-e7a7-4b6c-a21b-d5f298f630fa
e787b04e-cb59-4f89-9110-333dc63b4a60,2025-06-17 09:27:12,2025-06-17 09:33:48,844e0cdf-2a22-4096-8d58-6c034b3ebf30,04cd70f1-9492-4218-b96a-f63547a3f6f9,78474814-e054-4ab5-af7f-8ce8e3e2ec31,member,c2f24bc0-732c-458c-b236-9fce29a35f9a
6d8eb375-3964-4660-8065-450d3ac28be3,2025-06-17 09:51:21,2025-06-17 12:27:00,844e0cdf-2a22-4096-8d58-6c034b3ebf30,a0c61868-01f3-4cc6-ae38-1c737d315e35,78474814-e054-4ab5-af7f-8ce8e3e2ec31,non-member,643c3bc0-43fa-490a-8d81-a3228bfe238e
48de40c8-b6c5-45f5-827f-d7d93c67effa,2025-06-17 13:00:47,2025-06-17 13:12:21,844e0cdf-2a22-4096-8d58-6c034b3ebf30,1dcf5fb5-8676-48e2-b6ff-b343c5ffa597,78474814-e054-4ab5-af7f-8ce8e3e2ec31,member,e6e628d4-0dde-4533-b5e4-99553f624d4b
256c5450-a102-4781-85bc-c40054a8f8aa,2025-06-17 00:06:27,2025-06-17 00:52:58,026a06f2-51ce-47cb-973f-d21c062e5dad,69b25e37-55ba-4437-a09b-5973a647f7bb,15dc42c5-a94c-440e-926f-8e98189489e1,member,afeb8b9a-ae90-48c5-9694-dd920b94cdd8
a54aba37-aa00-45e3-a79c-ce2523038bf2,2025-06-17 05:15:32,2025-06-17 05:44:43,026a06f2-51ce-47cb-973f-d21c062e5dad,3405b75d-474c-4774-9805-afc93f409d64,15dc42c5-a94c-440e-926f-8e98189489e1,member,051a114f-0da4-4f60-89c7-983ab9153cea
a845ceef-74dd-4df7-a5d9-19bc91cc65a3,2025-06-17 01:32:42,2025-06-17 04:32:31,a0c61868-01f3-4cc6-ae38-1c737d315e35,ce4b8120-0d3d-4d92-a883-b4bf3f467a4f,7a2f488f-19c2-4a4c-9380-4854618aae2b,non-member,66339999-2fc6-430c-befa-63a009ad664c
c68ed2a4-d53d-4257-bf97-c7291067d2dd,2025-06-17 05:49:37,2025-06-17 08:59:21,a0c61868-01f3-4cc6-ae38-1c737d315e35,55224734-2ad8-4a19-9e4c-a66de06b42f9,7a2f488f-19c2-4a4c-9380-4854618aae2b,non-member,8c1b9200-23da-48bb-bdba-52aa3b44166d
35875097-7d59-42af-a667-d8cc2b01a9cf,2025-06-17 09:29:32,2025-06-17 10:49:30,a0c61868-01f3-4cc6-ae38-1c737d315e35,99aa4b03-ea08-43a4-94dd-7646fcbcf36c,7a2f488f-19c2-4a4c-9380-4854618aae2b,member,11fdacad-a404-496e-82b1-a623d335f414
ee44d00b-92a9-456e-93fe-0f9180f4e814,2025-06-17 11:00:02,2025-06-17 11:39:08,a0c61868-01f3-4cc6-ae38-1c737d315e35,94a13905-46d0-4830-9f48-6b582e13bbc6,7a2f488f-19c2-4a4c-9380-4854618aae2b,non-member,9927d736-3105-4213-848c-24313fffe409
48d4cac1-47e9-4260-8543-a879260d832e,2025-06-17 14:59:22,2025-06-17 20:01:43,a0c61868-01f3-4cc6-ae38-1c737d315e35,e89d417b-b239-4d94-aef4-3cad24f72fb8,7a2f488f-19c2-4a4c-9380-4854618aae2b,non-member,c5303267-a8c4-421b-86ec-66f76c97937f
98ef3eae-6bf7-43e1-869c-53b6dfcd8319,2025-06-17 20:48:07,2025-06-17 22:16:23,a0c61868-01f3-4cc6-ae38-1c737d315e35,e89d417b-b239-4d94-aef4-3cad24f72fb8,7a2f488f-19c2-4a4c-9380-4854618aae2b,member,b5c2ae6f-26ba-453c-9353-f08047c04a7e
52474afd-e414-4c27-855a-b91af40cb159,2025-06-17 23:39:31,2025-06-17 23:49:03,a0c61868-01f3-4cc6-ae38-1c737d315e35,99810fea-31be-4514-ab04-fce0cc4c715e,7a2f488f-19c2-4a4c-9380-4854618aae2b,non-member,b79a1b24-0538-41ef-b5d2-b93034ecc96c
ec42f034-b36d-4ed9-b411-ed0c20696f15,2025-06-17 00:13:13,2025-06-17 00:47:43,33bb6a37-5494-4a00-be0a-cc9c8a079c39,99aa4b03-ea08-43a4-94dd-7646fcbcf36c,93d97605-47eb-4b98-94b4-08c7e156d2e8,member,f00dfdcd-daeb-4f76-a925-66ce0752f099
a1a58b7d-b15b-4e6f-b1eb-3cf945a56b68,2025-06-17 02:03:54,2025-06-17 04:47:42,33bb6a37-5494-4a00-be0a-cc9c8a079c39,c4ad6437-6c2d-43d1-aa23-d46b5df8b6a7,93d97605-47eb-4b98-94b4-08c7e156d2e8,non-member,1685ba22-8057-49c6-86b6-d280e40cee4b
7dae59be-856e-463c-bb8f-284d9ad10b1e,2025-06-17 06:03:39,2025-06-17 06:32:49,33bb6a37-5494-4a00-be0a-cc9c8a079c39,28fbe5cf-a20d-4c1f-8e11-3d7fe69586bc,93d97605-47eb-4b98-94b4-08c7e156d2e8,member,ffc3eb3c-bfda-46b4-8f69-82263708fbaf
2f578fc1-c11f-4011-bddc-fecd924c6679,2025-06-17 08:01:53,2025-06-17 09:33:03,33bb6a37-5494-4a00-be0a-cc9c8a079c39,94a13905-46d0-4830-9f48-6b582e13bbc6,93d97605-47eb-4b98-94b4-08c7e156d2e8,non-member,0bc24672-6f65-4aad-922e-b42261ae75f9
768bd15a-03c3-416f-8aae-e8e2ddb973c4,2025-06-17 09:50:20,2025-06-17 11:13:09,33bb6a37-5494-4a00-be0a-cc9c8a079c39,227db31e-5f21-4989-8453-378e905f1eab,93d97605-47eb-4b98-94b4-08c7e156d2e8,member,cfc47931-a0a1-43b5-91d4-01b86e3c1e2d
524a6069-7406-45d9-872b-c76a3981e4cf,2025-06-17 11:20:02,2025-06-17 12:14:01,33bb6a37-5494-4a00-be0a-cc9c8a079c39,1066c763-a3b3-4292-9d33-cf474e397055,93d97605-47eb-4b98-94b4-08c7e156d2e8,member,9e6ac641-b939-454a-aaea-5ee288a5897f
968c4388-c509-4547-a346-1158d66f4faf,2025-06-17 12:54:22,2025-06-17 16:56:33,33bb6a37-5494-4a00-be0a-cc9c8a079c39,1066c763-a3b3-4292-9d33-cf474e397055,93d97605-47eb-4b98-94b4-08c7e156d2e8,member,6a8b2cdb-1438-40e6-8aee-8578c78f7a06
f8f72d58-088f-48f6-86e4-4eee083c9eb9,2025-06-17 19:01:44,2025-06-17 19:16:46,33bb6a37-5494-4a00-be0a-cc9c8a079c39,72da959e-7cc7-427e-8816-13a25450c6ee,93d97605-47eb-4b98-94b4-08c7e156d2e8,non-member,450b6e1c-ead3-4fd4-a19c-7b4bb1c4fe55
77204966-a41d-4f46-9f10-b2633aac9461,2025-06-17 19:37:00,2025-06-17 19:52:23,33bb6a37-5494-4a00-be0a-cc9c8a079c39,72da959e-7cc7-427e-8816-13a25450c6ee,93d97605-47eb-4b98-94b4-08c7e156d2e8,non-member,2915b6b7-d06d-4289-9967-f6d57b2618de
a83af3b1-41fe-434a-8ab8-3b1a70229301,2025-06-17 20:08:46,2025-06-17 23:50:25,33bb6a37-5494-4a00-be0a-cc9c8a079c39,ce4b8120-0d3d-4d92-a883-b4bf3f467a4f,93d97605-47eb-4b98-94b4-08c7e156d2e8,member,c436bd68-2336-4776-b362-bc1aad70315c
8f1ef9f1-88cb-4596-ac25-d989e8205100,2025-06-17 00:32:59,2025-06-17 02:14:50,a0c61868-01f3-4cc6-ae38-1c737d315e35,1dcf5fb5-8676-48e2-b6ff-b343c5ffa597,80c98ce1-d2b7-4f0b-9fda-e5af8492af09,non-member,5ccfbc56-fb60-4445-9c05-302445a3971b
36b16916-ccb9-4e21-8de0-b84497138273,2025-06-17 03:17:49,2025-06-17 03:44:31,a0c61868-01f3-4cc6-ae38-1c737d315e35,3405b75d-474c-4774-9805-afc93f409d64,80c98ce1-d2b7-4f0b-9fda-e5af8492af09,non-member,0d3f3854-6a79-4b95-9f70-fd7558c3de82
f48b2f8c-f661-4eb0-a46a-5e0b0b279d3b,2025-06-17 05:51:25,2025-06-17 06:30:33,a0c61868-01f3-4cc6-ae38-1c737d315e35,026a06f2-51ce-47cb-973f-d21c062e5dad,80c98ce1-d2b7-4f0b-9fda-e5af8492af09,member,8bb54844-1a3d-4a85-b9ae-3c58aaaa8f64
7270690a-5e2f-47cc-8397-4fd0b40f683a,2025-06-17 08:29:16,2025-06-17 10:09:04,a0c61868-01f3-4cc6-ae38-1c737d315e35,72da959e-7cc7-427e-8816-13a25450c6ee,80c98ce1-d2b7-4f0b-9fda-e5af8492af09,member,510a6268-8bd5-420d-97e2-5319a560dff4
fe8a33cc-bba4-4266-8e5f-46ed2ba72a7d,2025-06-17 11:40:07,2025-06-17 13:20:14,a0c61868-01f3-4cc6-ae38-1c737d315e35,69b25e37-55ba-4437-a09b-5973a647f7bb,80c98ce1-d2b7-4f0b-9fda-e5af8492af09,member,c7461dd5-d1ce-4187-a660-92dbeb14de14
55d309dd-f677-4b18-be0a-5830f572576f,2025-06-17 13:37:18,2025-06-17 14:10:41,a0c61868-01f3-4cc6-ae38-1c737d315e35,99aa4b03-ea08-43a4-94dd-7646fcbcf36c,80c98ce1-d2b7-4f0b-9fda-e5af8492af09,member,e56544a5-bd77-4ab7-b54a-f4153e303d6f
a219626a-cffd-4bf1-b798-5eb14df79758,2025-06-17 15:11:44,2025-06-17 16:16:05,a0c61868-01f3-4cc6-ae38-1c737d315e35,227db31e-5f21-4989-8453-378e905f1eab,80c98ce1-d2b7-4f0b-9fda-e5af8492af09,non-member,8a1360bd-1f4f-417f-bafe-388bc3623a4f
63517726-2ba5-44c9-92f4-22595cdebf8c,2025-06-17 17:43:09,2025-06-17 22:18:04,a0c61868-01f3-4cc6-ae38-1c737d315e35,94a13905-46d0-4830-9f48-6b582e13bbc6,80c98ce1-d2b7-4f0b-9fda-e5af8492af09,member,71bbb257-e3fb-41fb-abd0-ea3146b48e7a
11000221-2f8b-4fea-a909-fa0bbcbf1d2b,2025-06-17 03:11:11,2025-06-17 11:03:15,96bd6410-a693-4dec-b53c-e67b25cb314a,1066c763-a3b3-4292-9d33-cf474e397055,794095e2-ace7-4652-b548-34bc8e668b95,member,29f1c5c3-99bd-421b-a5ba-0398b17b4376
09549f39-9448-488a-b247-22c6dba1aee0,2025-06-17 12:35:55,2025-06-17 14:19:35,96bd6410-a693-4dec-b53c-e67b25cb314a,55224734-2ad8-4a19-9e4c-a66de06b42f9,794095e2-ace7-4652-b548-34bc8e668b95,non-member,1ffc8c5d-856b-46fb-b9fd-6c1fd6258ca9
9988167d-28b4-4d2a-b286-d54613a389e5,2025-06-17 19:06:34,2025-06-17 22:17:16,96bd6410-a693-4dec-b53c-e67b25cb314a,94a13905-46d0-4830-9f48-6b582e13bbc6,794095e2-ace7-4652-b548-34bc8e668b95,member,5c5424cf-a1ca-44f1-81b9-3a979c54b21c
4120c16f-a7be-4679-accf-1a42541d0e14,2025-06-17 01:26:08,2025-06-17 03:04:20,69b25e37-55ba-4437-a09b-5973a647f7bb,227db31e-5f21-4989-8453-378e905f1eab,bd5ef3bd-9063-47a4-bebd-32e10b9a69f6,non-member,6f9cc91a-ce6c-4cd7-b0b2-fcf1de74c1eb
816b16d3-4a0f-4163-8bbb-df7dbc6aa76a,2025-06-17 04:07:39,2025-06-17 08:27:55,69b25e37-55ba-4437-a09b-5973a647f7bb,2b74a5a2-1bd3-4aa9-88ef-d299f1d175a9,bd5ef3bd-9063-47a4-bebd-32e10b9a69f6,member,51ce6a8d-07ee-4aa0-a654-b4adb219d5b6
3b0864d3-d1ce-4809-9c43-d40da8cf8440,2025-06-17 15:04:45,2025-06-17 16:23:12,69b25e37-55ba-4437-a09b-5973a647f7bb,55224734-2ad8-4a19-9e4c-a66de06b42f9,bd5ef3bd-9063-47a4-bebd-32e10b9a69f6,member,62e12dd3-39b8-470a-b03a-1c3153d29428
587e3e1a-00c4-4f32-9115-7ae494f6808b,2025-06-17 16:41:38,2025-06-17 23:27:50,69b25e37-55ba-4437-a09b-5973a647f7bb,227db31e-5f21-4989-8453-378e905f1eab,bd5ef3bd-9063-47a4-bebd-32e10b9a69f6,non-member,c3a94932-98eb-4e60-b25f-690288da2262
f64a4fa1-2137-4140-b33a-1b93df7917d2,2025-06-17 01:38:23,2025-06-17 02:42:54,04cd70f1-9492-4218-b96a-f63547a3f6f9,99aa4b03-ea08-43a4-94dd-7646fcbcf36c,c7bec16c-cb31-4a07-94f9-f4ac0f138bf2,member,86205ae0-4f24-4b6d-9d13-35373c63f4e9
147b169c-4f39-48cc-bbe8-4001e5cdb8f2,2025-06-17 03:41:47,2025-06-17 07:15:10,04cd70f1-9492-4218-b96a-f63547a3f6f9,ce4b8120-0d3d-4d92-a883-b4bf3f467a4f,c7bec16c-cb31-4a07-94f9-f4ac0f138bf2,non-member,41c2f30c-2fdf-44d8-a116-22a607843b4c
ff4b4d33-1da2-4fdc-aa29-8137d1b54273,2025-06-17 08:07:14,2025-06-17 17:06:55,04cd70f1-9492-4218-b96a-f63547a3f6f9,e89d417b-b239-4d94-aef4-3cad24f72fb8,c7bec16c-cb31-4a07-94f9-f4ac0f138bf2,member,f5b99750-734b-478f-92d0-dc292266a750
fede7c3d-c610-43d6-9a69-1540026aae1e,2025-06-17 18:07:53,2025-06-17 19:36:37,04cd70f1-9492-4218-b96a-f63547a3f6f9,810a7fc4-5b2b-467b-9a52-7d61ff794a7b,c7bec16c-cb31-4a07-94f9-f4ac0f138bf2,member,f00dfdcd-daeb-4f76-a925-66ce0752f099
c17a11dc-0acb-432b-8130-a5c73d1a28a2,2025-06-17 00:00:32,2025-06-17 00:17:49,3405b75d-474c-4774-9805-afc93f409d64,e89d417b-b239-4d94-aef4-3cad24f72fb8,17fa2898-b55c-40c8-814a-c183b38ed668,non-member,8b4a5b47-4250-4d39-ab62-3861adb23bc2
7a67e0e1-8bfc-45d8-a7a9-54a4a5d7fa20,2025-06-17 00:33:16,2025-06-17 01:57:56,3405b75d-474c-4774-9805-afc93f409d64,69b25e37-55ba-4437-a09b-5973a647f7bb,17fa2898-b55c-40c8-814a-c183b38ed668,member,68ce1e36-adae-4b56-88b0-b3b20db12775
696729aa-2b99-4385-be4e-7d57eb1d37b3,2025-06-17 03:50:26,2025-06-17 06:58:05,3405b75d-474c-4774-9805-afc93f409d64,e89d417b-b239-4d94-aef4-3cad24f72fb8,17fa2898-b55c-40c8-814a-c183b38ed668,non-member,15e90cf0-e96a-47eb-8978-2584e2f13705
01567862-8ea4-4ade-8896-3c3357703898,2025-06-17 08:54:14,2025-06-17 09:43:52,3405b75d-474c-4774-9805-afc93f409d64,3405b75d-474c-4774-9805-afc93f409d64,17fa2898-b55c-40c8-814a-c183b38ed668,non-member,5dcfacb9-db4c-454c-b8a0-f6b8d9682096
424aa00a-62d0-41c5-b121-471d2fca24c7,2025-06-17 11:22:00,2025-06-17 12:17:27,3405b75d-474c-4774-9805-afc93f409d64,69b25e37-55ba-4437-a09b-5973a647f7bb,17fa2898-b55c-40c8-814a-c183b38ed668,member,9328cf1e-2834-4070-86eb-b61f72618800
c10c6c9c-102a-4493-a1b0-895fea48dd12,2025-06-17 16:06:55,2025-06-17 16:30:33,3405b75d-474c-4774-9805-afc93f409d64,227db31e-5f21-4989-8453-378e905f1eab,17fa2898-b55c-40c8-814a-c183b38ed668,non-member,3b027ba9-20d8-494d-ba1b-f97b9ce7d90f
21397617-4766-40be-af30-e50f9ba4df40,2025-06-17 19:35:01,2025-06-17 19:37:51,3405b75d-474c-4774-9805-afc93f409d64,a0c61868-01f3-4cc6-ae38-1c737d315e35,17fa2898-b55c-40c8-814a-c183b38ed668,member,62fd8b8a-1560-4272-9bc3-56bfa24dbda4
7d6837c0-d1ee-41d3-953b-a60d873291d3,2025-06-17 21:19:55,2025-06-17 21:36:27,3405b75d-474c-4774-9805-afc93f409d64,a0c61868-01f3-4cc6-ae38-1c737d315e35,17fa2898-b55c-40c8-814a-c183b38ed668,member,4bc6d004-1cd7-4e01-a809-384520f5a4ec
638a7809-dac8-4c97-8863-7aad5b591063,2025-06-17 22:49:21,2025-06-17 23:46:36,3405b75d-474c-4774-9805-afc93f409d64,bcea2fb3-eaf4-4a1d-b631-c910b29db6da,17fa2898-b55c-40c8-814a-c183b38ed668,non-member,86456ba3-3df7-4d3e-8ba2-3cf908af4bfc
448eb9fc-4ae9-4461-9f70-d758d41152bf,2025-06-17 03:23:21,2025-06-17 04:23:00,33bb6a37-5494-4a00-be0a-cc9c8a079c39,55224734-2ad8-4a19-9e4c-a66de06b42f9,89c4b909-1958-4cee-a167-e845060a844b,member,0cc29e00-073d-4c6c-b459-69c1647abcf2
dba8e54f-0ad0-4beb-84fe-bf2fe8745537,2025-06-17 06:35:41,2025-06-17 08:35:13,33bb6a37-5494-4a00-be0a-cc9c8a079c39,1066c763-a3b3-4292-9d33-cf474e397055,89c4b909-1958-4cee-a167-e845060a844b,non-member,2230a711-385c-4f99-ace9-8ac3aabbfc90
45ed5e2d-400f-4d4e-aa81-fffc587cf99c,2025-06-17 08:54:00,2025-06-17 14:57:30,33bb6a37-5494-4a00-be0a-cc9c8a079c39,026a06f2-51ce-47cb-973f-d21c062e5dad,89c4b909-1958-4cee-a167-e845060a844b,member,0f296327-a532-4dff-a80a-16b4b5c486a9
23c73fd5-0817-4316-968b-af8c608468c1,2025-06-17 15:17:54,2025-06-17 17:12:11,33bb6a37-5494-4a00-be0a-cc9c8a079c39,ce4b8120-0d3d-4d92-a883-b4bf3f467a4f,89c4b909-1958-4cee-a167-e845060a844b,non-member,a3e392bf-72ad-4e60-b2ed-e214aa2ddf6e
776bc66a-a5cb-48fa-a0d6-b860dbe34500,2025-06-17 18:17:56,2025-06-17 21:46:54,33bb6a37-5494-4a00-be0a-cc9c8a079c39,69b25e37-55ba-4437-a09b-5973a647f7bb,89c4b909-1958-4cee-a167-e845060a844b,member,7a41efc6-1ad9-4043-bb3e-8c2694cc1e7f
55455b56-0e47-449e-b41c-9bcef018e4bc,2025-06-17 05:59:01,2025-06-17 08:28:50,69b25e37-55ba-4437-a09b-5973a647f7bb,bcea2fb3-eaf4-4a1d-b631-c910b29db6da,ce74c91c-363d-4a4c-aff3-4b9121142348,member,0e097e94-6c04-4a42-a37b-85abc489b1ae
fed9d8dc-ba8d-4bfb-a86e-63dbdd510eae,2025-06-17 15:15:17,2025-06-17 23:24:51,69b25e37-55ba-4437-a09b-5973a647f7bb,810a7fc4-5b2b-467b-9a52-7d61ff794a7b,ce74c91c-363d-4a4c-aff3-4b9121142348,member,bc784bc7-c635-442c-9dbe-1bcecdde790b
907c8525-14e0-4b58-bd63-7c663a1f9388,2025-06-17 00:02:19,2025-06-17 03:17:30,99aa4b03-ea08-43a4-94dd-7646fcbcf36c,844e0cdf-2a22-4096-8d58-6c034b3ebf30,88362d61-8dcf-4282-b7b5-afdb1069772f,member,063545b2-202c-4ff1-87cd-e5e9bf8e0362
da1f87c8-04b2-4b23-9b91-d36dfd52f97e,2025-06-17 03:50:43,2025-06-17 05:38:29,99aa4b03-ea08-43a4-94dd-7646fcbcf36c,55224734-2ad8-4a19-9e4c-a66de06b42f9,88362d61-8dcf-4282-b7b5-afdb1069772f,member,c681c95a-d88c-4939-816f-e6d62aba4cc9
c1f4cc4e-d153-4664-96d3-c217c42ab01e,2025-06-17 06:05:26,2025-06-17 06:28:14,99aa4b03-ea08-43a4-94dd-7646fcbcf36c,a0c61868-01f3-4cc6-ae38-1c737d315e35,88362d61-8dcf-4282-b7b5-afdb1069772f,non-member,2483df76-97eb-4e62-86a4-a05efdf380f9
a0dc3e80-c724-4dd4-a3a9-33ab59e97edd,2025-06-17 00:14:30,2025-06-17 02:20:05,2b74a5a2-1bd3-4aa9-88ef-d299f1d175a9,e89d417b-b239-4d94-aef4-3cad24f72fb8,02f2d182-a1d2-4dd6-826d-6c64a887c36c,member,8ce02c79-fdae-497a-8383-6df894bee73d
d2383fcc-afc4-4cd3-aeec-f6be10b8ffbd,2025-06-17 04:09:21,2025-06-17 07:14:01,2b74a5a2-1bd3-4aa9-88ef-d299f1d175a9,04cd70f1-9492-4218-b96a-f63547a3f6f9,02f2d182-a1d2-4dd6-826d-6c64a887c36c,member,c5f51cc4-6c76-4848-96a9-659d4f524918
da29951d-87ec-49b3-b287-b9b39ce34340,2025-06-17 11:33:23,2025-06-17 11:44:48,2b74a5a2-1bd3-4aa9-88ef-d299f1d175a9,28fbe5cf-a20d-4c1f-8e11-3d7fe69586bc,02f2d182-a1d2-4dd6-826d-6c64a887c36c,non-member,c050dc53-e1d7-43e5-a408-3c78a2d3c5e6
5cdcf494-4405-41a7-a85f-8fd1f4376549,2025-06-17 13:58:28,2025-06-17 17:59:13,2b74a5a2-1bd3-4aa9-88ef-d299f1d175a9,c4ad6437-6c2d-43d1-aa23-d46b5df8b6a7,02f2d182-a1d2-4dd6-826d-6c64a887c36c,non-member,4ee9c40f-8b7a-40bc-b2c8-b635d1f867f6
ba881dd5-daec-4469-9a53-0704902ad9d9,2025-06-17 21:02:02,2025-06-17 22:26:25,2b74a5a2-1bd3-4aa9-88ef-d299f1d175a9,a0c61868-01f3-4cc6-ae38-1c737d315e35,02f2d182-a1d2-4dd6-826d-6c64a887c36c,non-member,7f984700-d992-46f3-a458-f066633b5d3f
25a35acd-b2ce-4256-aff0-81c54bb032ef,2025-06-17 01:37:30,2025-06-17 04:08:13,72da959e-7cc7-427e-8816-13a25450c6ee,99810fea-31be-4514-ab04-fce0cc4c715e,df3e9361-b33e-4053-a21f-653fbc4b4358,non-member,3abd4ff4-a8e4-4092-8a6c-55708a2f62a5
16beac72-4f94-4f76-bdc4-083cceea2cdf,2025-06-17 07:16:50,2025-06-17 07:34:49,72da959e-7cc7-427e-8816-13a25450c6ee,227db31e-5f21-4989-8453-378e905f1eab,df3e9361-b33e-4053-a21f-653fbc4b4358,member,5637d9aa-60e2-4827-bda5-ba63f5c8ef02
242024a2-6b30-44aa-ae1e-824c9b65934c,2025-06-17 07:43:53,2025-06-17 11:11:31,72da959e-7cc7-427e-8816-13a25450c6ee,1dcf5fb5-8676-48e2-b6ff-b343c5ffa597,df3e9361-b33e-4053-a21f-653fbc4b4358,member,de051fcc-9935-4627-9016-5942677021d3
58559b00-fd64-4a25-952d-d815af6ded41,2025-06-17 15:15:16,2025-06-17 19:55:45,72da959e-7cc7-427e-8816-13a25450c6ee,3405b75d-474c-4774-9805-afc93f409d64,df3e9361-b33e-4053-a21f-653fbc4b4358,non-member,828ae6a8-dd6a-4519-906d-2b5f4005c86b
0fcc9751-c036-4ba1-9e9c-177dbded0e76,2025-06-17 22:34:41,2025-06-17 23:49:33,72da959e-7cc7-427e-8816-13a25450c6ee,a0c61868-01f3-4cc6-ae38-1c737d315e35,df3e9361-b33e-4053-a21f-653fbc4b4358,non-member,426ddf8b-c9ca-4e07-83de-1fcdb07fede0
a1e49103-896f-4ccb-b345-64c8c4923a6f,2025-06-17 00:18:58,2025-06-17 00:31:11,a0c61868-01f3-4cc6-ae38-1c737d315e35,96bd6410-a693-4dec-b53c-e67b25cb314a,85397d32-391d-4134-9a0e-45081c33e381,member,36ad4f4c-cc29-44b7-96bf-c90a59d0c223
34c26040-ed22-4ffe-b19c-2f04b3f9d5ee,2025-06-17 03:17:58,2025-06-17 03:35:37,a0c61868-01f3-4cc6-ae38-1c737d315e35,2b74a5a2-1bd3-4aa9-88ef-d299f1d175a9,85397d32-391d-4134-9a0e-45081c33e381,member,6ac5617c-656f-4dea-9add-dcbca3d7514a
f15f5832-bae2-4d65-aa35-3322802245aa,2025-06-17 06:19:29,2025-06-17 06:21:52,a0c61868-01f3-4cc6-ae38-1c737d315e35,e89d417b-b239-4d94-aef4-3cad24f72fb8,85397d32-391d-4134-9a0e-45081c33e381,non-member,4314396b-caf8-4dcd-b7a3-83bf1c9b8374
d9359683-b028-464c-bc33-861073bdb9ae,2025-06-17 06:44:09,2025-06-17 07:27:09,a0c61868-01f3-4cc6-ae38-1c737d315e35,96bd6410-a693-4dec-b53c-e67b25cb314a,85397d32-391d-4134-9a0e-45081c33e381,member,01626b33-dcba-4a37-b07a-cc712cb4503a
88a08400-2a39-47e3-8509-56c07fd4a07b,2025-06-17 09:35:58,2025-06-17 09:41:26,a0c61868-01f3-4cc6-ae38-1c737d315e35,e89d417b-b239-4d94-aef4-3cad24f72fb8,85397d32-391d-4134-9a0e-45081c33e381,member,e4fb6f67-70ea-4c43-894f-f6b102ece806
5d7982af-4806-45e2-8e43-e7277f83425c,2025-06-17 11:31:51,2025-06-17 15:52:13,a0c61868-01f3-4cc6-ae38-1c737d315e35,ce4b8120-0d3d-4d92-a883-b4bf3f467a4f,85397d32-391d-4134-9a0e-45081c33e381,non-member,5417f3ae-df4b-490c-b859-915a8f030c6c
9e2f278b-e701-4fab-88e8-d231941c9aaa,2025-06-17 16:00:59,2025-06-17 18:44:50,a0c61868-01f3-4cc6-ae38-1c737d315e35,99810fea-31be-4514-ab04-fce0cc4c715e,85397d32-391d-4134-9a0e-45081c33e381,non-member,42d07898-a24d-4754-bbe1-09d3e4b655f6
9da91935-115f-4902-ae5e-8dc2edb44405,2025-06-17 01:37:46,2025-06-17 23:33:15,72da959e-7cc7-427e-8816-13a25450c6ee,72da959e-7cc7-427e-8816-13a25450c6ee,92d04051-13dd-4a01-82cd-453b15ac19e8,non-member,b7b64c50-668f-4201-b9e0-bae117def044
982e4793-66e1-4c78-8a76-513741e086ec,2025-06-17 01:38:08,2025-06-17 03:08:28,04cd70f1-9492-4218-b96a-f63547a3f6f9,1066c763-a3b3-4292-9d33-cf474e397055,5a5d795a-59da-42e2-9f05-a3c00521adaa,non-member,6a89c19f-3f7f-482a-b8b3-e8fbe51713d5
946b57c2-2d83-43af-bdce-42c1fa61c667,2025-06-17 03:14:18,2025-06-17 03:52:51,04cd70f1-9492-4218-b96a-f63547a3f6f9,3405b75d-474c-4774-9805-afc93f409d64,5a5d795a-59da-42e2-9f05-a3c00521adaa,member,5277ae4e-1333-49d5-91a2-c87cd66ec2a0
79e10b07-e618-4aec-ab38-20616dc71863,2025-06-17 07:06:14,2025-06-17 07:21:45,04cd70f1-9492-4218-b96a-f63547a3f6f9,e89d417b-b239-4d94-aef4-3cad24f72fb8,5a5d795a-59da-42e2-9f05-a3c00521adaa,non-member,ef41c8f9-8134-4afb-97ec-a98eca571cc5
46dcff79-458a-4e79-87fc-dfa75af97014,2025-06-17 03:27:11,2025-06-17 06:15:42,99aa4b03-ea08-43a4-94dd-7646fcbcf36c,3405b75d-474c-4774-9805-afc93f409d64,19b4c0fd-6801-461c-a85c-773074356a96,non-member,cf79181f-f6cd-4349-8cbc-b9ce00ca0006
15217d7a-3bd9-484b-b45e-4942ef409981,2025-06-17 06:20:06,2025-06-17 06:21:18,99aa4b03-ea08-43a4-94dd-7646fcbcf36c,ce4b8120-0d3d-4d92-a883-b4bf3f467a4f,19b4c0fd-6801-461c-a85c-773074356a96,non-member,118db025-e310-4e2e-9acf-8a763eef55ab
60916d26-0c6e-48a1-acb5-f2820c88258a,2025-06-17 08:59:45,2025-06-17 09:38:18,99aa4b03-ea08-43a4-94dd-7646fcbcf36c,026a06f2-51ce-47cb-973f-d21c062e5dad,19b4c0fd-6801-461c-a85c-773074356a96,non-member,3442a151-854c-4527-bc43-8915851bf314
a3410ef8-1364-4b27-a5a1-b93c0defbde9,2025-06-17 11:49:24,2025-06-17 13:02:01,99aa4b03-ea08-43a4-94dd-7646fcbcf36c,ce4b8120-0d3d-4d92-a883-b4bf3f467a4f,19b4c0fd-6801-461c-a85c-773074356a96,member,42e03c72-c3af-4281-95eb-3ed3abda9a25
11d5ccad-bac8-4171-ae34-df2d82795300,2025-06-17 15:39:27,2025-06-17 16:35:07,99aa4b03-ea08-43a4-94dd-7646fcbcf36c,3405b75d-474c-4774-9805-afc93f409d64,19b4c0fd-6801-461c-a85c-773074356a96,non-member,7c7e7188-671a-45f9-b027-792cce4fa8e5
9965845b-3475-4539-873e-4f47619aea3a,2025-06-17 16:55:14,2025-06-17 20:46:19,99aa4b03-ea08-43a4-94dd-7646fcbcf36c,1066c763-a3b3-4292-9d33-cf474e397055,19b4c0fd-6801-461c-a85c-773074356a96,member,42311acc-67e8-47e0-bbcc-6c0b086f7e8e
a4d105f7-5cac-484f-8caf-1b7744efd73f,2025-06-17 22:19:27,2025-06-17 22:31:10,99aa4b03-ea08-43a4-94dd-7646fcbcf36c,026a06f2-51ce-47cb-973f-d21c062e5dad,19b4c0fd-6801-461c-a85c-773074356a96,member,0c8346b8-b1fd-4a87-9e48-ad94ea6cdb3f
03a488a3-46e8-4d58-978d-973cddaa3cc2,2025-06-17 22:42:44,2025-06-17 22:55:17,99aa4b03-ea08-43a4-94dd-7646fcbcf36c,72da959e-7cc7-427e-8816-13a25450c6ee,19b4c0fd-6801-461c-a85c-773074356a96,non-member,37abe987-48e3-46cb-8f6a-06479eba2766
694160a9-169b-4d0b-886a-9e9f289bd5c7,2025-06-17 00:04:32,2025-06-17 00:17:31,227db31e-5f21-4989-8453-378e905f1eab,c4ad6437-6c2d-43d1-aa23-d46b5df8b6a7,d11e61f3-e342-4b4d-8484-463bcfb07b96,non-member,91c13c04-bacf-43e2-9cf4-3bd468a5f3b8
143e72a2-73ad-4d0f-ac2d-799415efac18,2025-06-17 04:39:39,2025-06-17 10:00:19,227db31e-5f21-4989-8453-378e905f1eab,94a13905-46d0-4830-9f48-6b582e13bbc6,d11e61f3-e342-4b4d-8484-463bcfb07b96,member,c657c6f4-7dfe-4971-a91e-5e2bdf4bb4ce
74b4f9c8-2178-4909-9712-305bac89a557,2025-06-17 11:29:18,2025-06-17 12:36:17,227db31e-5f21-4989-8453-378e905f1eab,28fbe5cf-a20d-4c1f-8e11-3d7fe69586bc,d11e61f3-e342-4b4d-8484-463bcfb07b96,member,4455c5df-2aee-42f0-b44c-dc2f172c8364
d202e808-15f3-4159-9b37-84caf3a11754,2025-06-17 19:01:01,2025-06-17 23:14:06,227db31e-5f21-4989-8453-378e905f1eab,c4ad6437-6c2d-43d1-aa23-d46b5df8b6a7,d11e61f3-e342-4b4d-8484-463bcfb07b96,non-member,160fb07c-b3c1-4203-9e28-1e24d936e1c3
4d99c6dc-e475-4158-bb50-18437416b81a,2025-06-17 00:38:09,2025-06-17 05:07:58,04cd70f1-9492-4218-b96a-f63547a3f6f9,227db31e-5f21-4989-8453-378e905f1eab,de21cf20-38ed-4023-a851-8644b6a318f2,member,7d3e317a-3004-45be-b615-6e60e076c241
4e25d61c-39e3-4419-9d3d-2efc388c469d,2025-06-17 05:08:21,2025-06-17 07:32:11,04cd70f1-9492-4218-b96a-f63547a3f6f9,844e0cdf-2a22-4096-8d58-6c034b3ebf30,de21cf20-38ed-4023-a851-8644b6a318f2,member,715f9cf7-00e1-428d-9731-07bcb93aa1a0
3134d542-b94b-472f-91fa-34747c04b4fe,2025-06-17 08:05:29,2025-06-17 08:48:07,04cd70f1-9492-4218-b96a-f63547a3f6f9,ce4b8120-0d3d-4d92-a883-b4bf3f467a4f,de21cf20-38ed-4023-a851-8644b6a318f2,member,dd389183-2918-4b05-92fa-c9e6c0216f1c
64dc8651-a7c1-4325-be37-6c3e40e0020c,2025-06-17 09:30:59,2025-06-17 10:14:51,04cd70f1-9492-4218-b96a-f63547a3f6f9,28fbe5cf-a20d-4c1f-8e11-3d7fe69586bc,de21cf20-38ed-4023-a851-8644b6a318f2,member,23aa09ef-ad31-433e-af14-57c2af93adc5
8b0c27a8-1384-49a5-a409-fd37eca713e0,2025-06-17 19:35:21,2025-06-17 20:08:27,04cd70f1-9492-4218-b96a-f63547a3f6f9,1066c763-a3b3-4292-9d33-cf474e397055,de21cf20-38ed-4023-a851-8644b6a318f2,non-member,bd6287be-0536-4171-94ea-136de2108a45
4e5e660e-25ea-4344-9379-fa5376d0c092,2025-06-17 22:20:44,2025-06-17 23:10:38,04cd70f1-9492-4218-b96a-f63547a3f6f9,ce4b8120-0d3d-4d92-a883-b4bf3f467a4f,de21cf20-38ed-4023-a851-8644b6a318f2,member,6c9971e8-a80f-4bc9-b5fb-d85f6e16fcee
0710bf35-6ae6-48f4-902c-3c4ae0f1354a,2025-06-17 07:42:36,2025-06-17 22:19:19,844e0cdf-2a22-4096-8d58-6c034b3ebf30,026a06f2-51ce-47cb-973f-d21c062e5dad,77016582-bfee-427d-a9a8-ab95bbc422e0,member,aed779a9-58bd-4d25-a645-e544ad87db18
ecfd67ed-8109-49ab-a45a-ad124dd433ee,2025-06-17 00:04:28,2025-06-17 01:00:50,33bb6a37-5494-4a00-be0a-cc9c8a079c39,a0c61868-01f3-4cc6-ae38-1c737d315e35,e28e7c63-05aa-4ea0-9030-f71f1bc3e6d4,member,9541725c-3179-4dbe-9525-d8b40a39622b
4ef09a28-c6cf-495b-89f1-9b3fe3dba916,2025-06-17 01:13:32,2025-06-17 01:21:23,33bb6a37-5494-4a00-be0a-cc9c8a079c39,65008017-abdf-42fc-8752-c5188ca7cd61,e28e7c63-05aa-4ea0-9030-f71f1bc3e6d4,member,f43c6c2d-f0b7-49cf-be95-40e503b57cca
1a110b6e-81d7-4905-bc4c-123e4e36e2c1,2025-06-17 02:59:46,2025-06-17 05:49:35,33bb6a37-5494-4a00-be0a-cc9c8a079c39,65008017-abdf-42fc-8752-c5188ca7cd61,e28e7c63-05aa-4ea0-9030-f71f1bc3e6d4,non-member,92df3798-ed9b-4a48-be72-c9c7b7651241
8efef635-7978-4cb1-9de7-32d62e88e88e,2025-06-17 06:59:46,2025-06-17 08:18:46,33bb6a37-5494-4a00-be0a-cc9c8a079c39,bcea2fb3-eaf4-4a1d-b631-c910b29db6da,e28e7c63-05aa-4ea0-9030-f71f1bc3e6d4,non-member,5384e86e-8308-4395-b1eb-69ea7ab1d11b
07001a2f-6da8-4321-a218-a95776f8eeb9,2025-06-17 11:13:44,2025-06-17 11:21:36,33bb6a37-5494-4a00-be0a-cc9c8a079c39,c4ad6437-6c2d-43d1-aa23-d46b5df8b6a7,e28e7c63-05aa-4ea0-9030-f71f1bc3e6d4,non-member,3e82495d-84ee-4119-8ffa-4f20954eff20
65aaaadc-cbfd-4aab-b525-b44419df7ac4,2025-06-17 13:58:57,2025-06-17 15:41:56,33bb6a37-5494-4a00-be0a-cc9c8a079c39,28fbe5cf-a20d-4c1f-8e11-3d7fe69586bc,e28e7c63-05aa-4ea0-9030-f71f1bc3e6d4,member,198a791e-4657-4aa8-9fd0-2ec58905bf93
de3ab6f1-40da-4e31-bbe7-d800386ba39e,2025-06-17 16:23:33,2025-06-17 16:50:04,33bb6a37-5494-4a00-be0a-cc9c8a079c39,47a93244-6745-475a-8bf2-a08f341805e9,e28e7c63-05aa-4ea0-9030-f71f1bc3e6d4,member,063545b2-202c-4ff1-87cd-e5e9bf8e0362
c0237f7a-d6ec-47ca-a251-240e0bdd2fea,2025-06-17 21:51:23,2025-06-17 23:36:01,33bb6a37-5494-4a00-be0a-cc9c8a079c39,94a13905-46d0-4830-9f48-6b582e13bbc6,e28e7c63-05aa-4ea0-9030-f71f1bc3e6d4,non-member,4506ac69-0a20-4717-8396-a012b9591827
ace8260f-d9bb-4c54-9853-776d2ae4848c,2025-06-17 00:45:42,2025-06-17 01:08:51,bcea2fb3-eaf4-4a1d-b631-c910b29db6da,72da959e-7cc7-427e-8816-13a25450c6ee,41d0804c-4ad1-48a4-98ca-8c86c6534060,non-member,1cadd893-51bd-457b-a944-d787505f3a78
3c7e122c-e299-4462-8784-fa6b223abc2e,2025-06-17 04:28:51,2025-06-17 06:06:39,bcea2fb3-eaf4-4a1d-b631-c910b29db6da,72da959e-7cc7-427e-8816-13a25450c6ee,41d0804c-4ad1-48a4-98ca-8c86c6534060,non-member,d5bca1d2-be74-49a5-8d94-fa97864c364b
215c14bf-e624-4534-9074-707d41fe0954,2025-06-17 14:10:18,2025-06-17 14:16:26,bcea2fb3-eaf4-4a1d-b631-c910b29db6da,a0c61868-01f3-4cc6-ae38-1c737d315e35,41d0804c-4ad1-48a4-98ca-8c86c6534060,non-member,b23f0527-e72f-4a16-8fed-079be273427f
7bd6812e-fd15-47e9-aec3-7d17c09fa0d1,2025-06-17 15:49:53,2025-06-17 18:07:01,bcea2fb3-eaf4-4a1d-b631-c910b29db6da,bcea2fb3-eaf4-4a1d-b631-c910b29db6da,41d0804c-4ad1-48a4-98ca-8c86c6534060,non-member,c7d097cf-93b4-4f85-8e44-1e8f2c1458cc
68d2bf05-7f82-4657-903f-23119c057ab2,2025-06-17 18:14:33,2025-06-17 19:02:05,bcea2fb3-eaf4-4a1d-b631-c910b29db6da,72da959e-7cc7-427e-8816-13a25450c6ee,41d0804c-4ad1-48a4-98ca-8c86c6534060,member,428837bf-1c9c-497c-9282-a470b3d25ba6
fe9e07d1-7acb-4ad1-8635-ea2f1fa9b906,2025-06-17 19:13:03,2025-06-17 22:26:00,bcea2fb3-eaf4-4a1d-b631-c910b29db6da,026a06f2-51ce-47cb-973f-d21c062e5dad,41d0804c-4ad1-48a4-98ca-8c86c6534060,non-member,130fe6ce-c1bf-4c23-9282-3c22c1da4d09
af63ea8e-a68e-42df-a869-c05d3f6b369a,2025-06-17 00:11:31,2025-06-17 11:16:57,026a06f2-51ce-47cb-973f-d21c062e5dad,96bd6410-a693-4dec-b53c-e67b25cb314a,33e7e216-0426-47c2-8dd3-00fa5e679fec,non-member,a0d457d2-ab84-4c50-bdf9-b6551b8a2955
d2b55bab-069d-4b82-9e2d-db57f1295a83,2025-06-17 20:16:05,2025-06-17 20:21:32,026a06f2-51ce-47cb-973f-d21c062e5dad,2b74a5a2-1bd3-4aa9-88ef-d299f1d175a9,33e7e216-0426-47c2-8dd3-00fa5e679fec,non-member,f28cd2ad-b1a5-4e93-9246-b3f24d0fbc8b
f1ca9291-7435-421f-a2f0-684c29581d5e,2025-06-17 07:07:42,2025-06-17 09:22:43,3405b75d-474c-4774-9805-afc93f409d64,47a93244-6745-475a-8bf2-a08f341805e9,42b14aa0-5235-4653-96b0-9c2823cc2541,member,3a378236-5c59-4ec0-9943-f8e5cbb6507f
fe4772f9-1442-4e94-b64d-2f3dd6244b01,2025-06-17 11:55:46,2025-06-17 12:47:03,3405b75d-474c-4774-9805-afc93f409d64,c4ad6437-6c2d-43d1-aa23-d46b5df8b6a7,42b14aa0-5235-4653-96b0-9c2823cc2541,non-member,39a7cc47-c1dd-4097-9e17-bb9026a687b5
b1c17f6d-f189-4c28-863f-ad19c8b2b844,2025-06-17 13:59:36,2025-06-17 14:34:28,3405b75d-474c-4774-9805-afc93f409d64,69b25e37-55ba-4437-a09b-5973a647f7bb,42b14aa0-5235-4653-96b0-9c2823cc2541,non-member,ccf5847e-77f9-4a85-91a2-d22537da0b62
875ccb3f-5dd6-40c8-b5b5-f6b470a4f19e,2025-06-17 15:28:58,2025-06-17 15:52:53,3405b75d-474c-4774-9805-afc93f409d64,1dcf5fb5-8676-48e2-b6ff-b343c5ffa597,42b14aa0-5235-4653-96b0-9c2823cc2541,member,1e16cf2d-7f07-480a-a177-5bbaaa3e88ed
7bd59f44-a9de-4cf5-be97-d550f05cbf5c,2025-06-17 21:03:10,2025-06-17 22:36:14,3405b75d-474c-4774-9805-afc93f409d64,28fbe5cf-a20d-4c1f-8e11-3d7fe69586bc,42b14aa0-5235-4653-96b0-9c2823cc2541,member,0cc29e00-073d-4c6c-b459-69c1647abcf2
7411c37d-9ec1-4bbf-aa09-92abd36aeddf,2025-06-17 23:47:00,2025-06-17 23:50:48,3405b75d-474c-4774-9805-afc93f409d64,026a06f2-51ce-47cb-973f-d21c062e5dad,42b14aa0-5235-4653-96b0-9c2823cc2541,non-member,e04d12a2-ef32-4a8c-a45c-b0aad50660d8
b592435f-4091-43cc-850b-caccc385d994,2025-06-17 02:45:42,2025-06-17 02:51:34,026a06f2-51ce-47cb-973f-d21c062e5dad,55224734-2ad8-4a19-9e4c-a66de06b42f9,d476b390-350c-47a6-8bd8-eecba3f8b559,non-member,cb2d6d6c-f2b6-41b0-b651-13fc612b04cc
462e5690-5a7f-43a4-9f40-74d36fa7df77,2025-06-17 03:04:55,2025-06-17 03:08:46,026a06f2-51ce-47cb-973f-d21c062e5dad,2b74a5a2-1bd3-4aa9-88ef-d299f1d175a9,d476b390-350c-47a6-8bd8-eecba3f8b559,non-member,e4402cc0-2438-4e86-8b9d-94303a360010
2d67f9aa-e175-4821-82c6-3ec5ad8ec813,2025-06-17 04:32:43,2025-06-17 05:52:42,026a06f2-51ce-47cb-973f-d21c062e5dad,99aa4b03-ea08-43a4-94dd-7646fcbcf36c,d476b390-350c-47a6-8bd8-eecba3f8b559,member,79604565-09a9-4568-9a6a-b1d789da6f14
8e8607a3-22bd-45d8-97a3-65f64d3dd7ec,2025-06-17 06:57:37,2025-06-17 08:01:25,026a06f2-51ce-47cb-973f-d21c062e5dad,96bd6410-a693-4dec-b53c-e67b25cb314a,d476b390-350c-47a6-8bd8-eecba3f8b559,member,b3ede643-4066-42e4-af9d-ab1f1829a91b
6ca9b047-4db1-4f30-baae-14a8f511de0b,2025-06-17 09:39:36,2025-06-17 09:43:58,026a06f2-51ce-47cb-973f-d21c062e5dad,810a7fc4-5b2b-467b-9a52-7d61ff794a7b,d476b390-350c-47a6-8bd8-eecba3f8b559,member,57d1dd6b-59b4-48e6-9ff2-640fee02be6e
78ac23bf-95e6-48e8-be0e-c26577b085a3,2025-06-17 09:55:53,2025-06-17 13:46:10,026a06f2-51ce-47cb-973f-d21c062e5dad,33bb6a37-5494-4a00-be0a-cc9c8a079c39,d476b390-350c-47a6-8bd8-eecba3f8b559,non-member,add6e4ac-0c43-4fe5-9b8b-c9a422ca5d80
2309cf8b-d77e-479f-8696-e13b014b6756,2025-06-17 13:56:41,2025-06-17 16:03:33,026a06f2-51ce-47cb-973f-d21c062e5dad,55224734-2ad8-4a19-9e4c-a66de06b42f9,d476b390-350c-47a6-8bd8-eecba3f8b559,non-member,22629bd3-f39b-460a-be7c-de4870652947
a6891a6a-ffeb-45c9-bb7f-64156da5fd69,2025-06-17 17:44:26,2025-06-17 19:51:32,026a06f2-51ce-47cb-973f-d21c062e5dad,47a93244-6745-475a-8bf2-a08f341805e9,d476b390-350c-47a6-8bd8-eecba3f8b559,non-member,92600fb4-c850-48a1-a26c-f7a93ad01b37
07bf22b5-6343-46bb-810a-f7f2a32c1265,2025-06-17 21:02:58,2025-06-17 22:00:08,026a06f2-51ce-47cb-973f-d21c062e5dad,844e0cdf-2a22-4096-8d58-6c034b3ebf30,d476b390-350c-47a6-8bd8-eecba3f8b559,non-member,a5941e09-e0ed-4950-8e86-8d0f6bd5ffac
f190a27f-44e4-4274-9ba8-79305a65af86,2025-06-17 03:44:31,2025-06-17 10:41:09,844e0cdf-2a22-4096-8d58-6c034b3ebf30,bcea2fb3-eaf4-4a1d-b631-c910b29db6da,297dfa8a-bc80-4c12-ab93-229d466863c6,member,82b25832-8042-4633-b892-e3cf59ebb96a
ebe6d62a-0ecf-4b87-90f4-e77668f4a209,2025-06-17 12:21:02,2025-06-17 12:39:18,844e0cdf-2a22-4096-8d58-6c034b3ebf30,bcea2fb3-eaf4-4a1d-b631-c910b29db6da,297dfa8a-bc80-4c12-ab93-229d466863c6,member,830658c6-285c-43ad-bc1c-d75659d46c8d
899cd094-efe4-44e2-a55a-d952e2569385,2025-06-17 13:42:59,2025-06-17 16:05:08,844e0cdf-2a22-4096-8d58-6c034b3ebf30,33bb6a37-5494-4a00-be0a-cc9c8a079c39,297dfa8a-bc80-4c12-ab93-229d466863c6,member,e4402cc0-2438-4e86-8b9d-94303a360010
365dfb7f-1e17-4333-904d-0ff90b256e3b,2025-06-17 23:02:51,2025-06-17 23:48:48,844e0cdf-2a22-4096-8d58-6c034b3ebf30,72da959e-7cc7-427e-8816-13a25450c6ee,297dfa8a-bc80-4c12-ab93-229d466863c6,non-member,0cfa70a6-8363-4f7e-8684-cc5d738ca531
5b6ff4ed-88f9-4507-a6da-8288eba6c1c5,2025-06-17 00:17:21,2025-06-17 01:21:07,1066c763-a3b3-4292-9d33-cf474e397055,227db31e-5f21-4989-8453-378e905f1eab,966d3c26-74d9-4031-b5ba-e77958ff9f51,non-member,82adb4af-f3fd-4983-adc0-60b56804c3c8
3b606486-68ed-42c9-ae61-0b1ce6cc0f3f,2025-06-17 06:18:53,2025-06-17 06:58:10,1066c763-a3b3-4292-9d33-cf474e397055,ce4b8120-0d3d-4d92-a883-b4bf3f467a4f,966d3c26-74d9-4031-b5ba-e77958ff9f51,member,d7b55626-44af-482b-afe8-a302944c1799
dc68794b-0313-42be-afc4-e0c168a022b7,2025-06-17 07:06:39,2025-06-17 10:07:21,1066c763-a3b3-4292-9d33-cf474e397055,33bb6a37-5494-4a00-be0a-cc9c8a079c39,966d3c26-74d9-4031-b5ba-e77958ff9f51,non-member,0f189a63-ff65-49f3-9fd2-422ba7f4e013
72f227dd-29c4-4551-b483-a2e9de150ffa,2025-06-17 10:38:13,2025-06-17 11:36:44,1066c763-a3b3-4292-9d33-cf474e397055,e89d417b-b239-4d94-aef4-3cad24f72fb8,966d3c26-74d9-4031-b5ba-e77958ff9f51,member,1cd735c5-cb97-4bd5-b09a-19ef53395f88
ec014280-aee7-4d5f-bc3f-8e8bd294805f,2025-06-17 12:07:48,2025-06-17 16:57:11,1066c763-a3b3-4292-9d33-cf474e397055,1dcf5fb5-8676-48e2-b6ff-b343c5ffa597,966d3c26-74d9-4031-b5ba-e77958ff9f51,member,40c5418c-ecf8-45c2-a20e-65fb381beeab
ff4fe31d-9724-430f-b6de-74fb3b94cf16,2025-06-17 19:35:15,2025-06-17 20:59:44,1066c763-a3b3-4292-9d33-cf474e397055,47a93244-6745-475a-8bf2-a08f341805e9,966d3c26-74d9-4031-b5ba-e77958ff9f51,member,6903aad9-45a8-4c9e-8eb2-e80b53882408
85733aa2-dcb2-4fb9-83f4-6ab65c021849,2025-06-17 00:17:53,2025-06-17 03:20:31,026a06f2-51ce-47cb-973f-d21c062e5dad,227db31e-5f21-4989-8453-378e905f1eab,d3881bec-c426-404a-b9d9-27b637f1622e,member,5248ec0e-82ee-4a91-8562-a88f6a480b67
87404d18-8c56-4967-81b6-c19f9620ba0c,2025-06-17 05:04:13,2025-06-17 05:25:53,026a06f2-51ce-47cb-973f-d21c062e5dad,94a13905-46d0-4830-9f48-6b582e13bbc6,d3881bec-c426-404a-b9d9-27b637f1622e,non-member,3a00ee79-1a6c-40b6-8d19-995262002e64
9cfd24a1-8275-451f-80a4-f6d3e446963e,2025-06-17 05:35:49,2025-06-17 08:26:06,026a06f2-51ce-47cb-973f-d21c062e5dad,a0c61868-01f3-4cc6-ae38-1c737d315e35,d3881bec-c426-404a-b9d9-27b637f1622e,member,8d4aa799-4293-48ba-977d-dd7496991b52
fa4fe89d-a6d0-4c40-9ced-1fa06eb66975,2025-06-17 09:34:29,2025-06-17 09:35:21,026a06f2-51ce-47cb-973f-d21c062e5dad,844e0cdf-2a22-4096-8d58-6c034b3ebf30,d3881bec-c426-404a-b9d9-27b637f1622e,non-member,d0514d7b-7029-4dae-8f4d-b17a988e645d
f7b441e5-3d89-4b26-a7b4-864d270b04b8,2025-06-17 09:41:01,2025-06-17 09:48:40,026a06f2-51ce-47cb-973f-d21c062e5dad,3405b75d-474c-4774-9805-afc93f409d64,d3881bec-c426-404a-b9d9-27b637f1622e,member,d1a79f6d-cebd-4e0c-84c8-39afb2b7bf56
5a0d140a-7f4d-4760-81b3-8c20dcd90546,2025-06-17 10:01:40,2025-06-17 12:07:01,026a06f2-51ce-47cb-973f-d21c062e5dad,28fbe5cf-a20d-4c1f-8e11-3d7fe69586bc,d3881bec-c426-404a-b9d9-27b637f1622e,member,e2965351-31f5-4ce5-a117-a739356adff6
d22953f7-d99d-4af8-834e-58109512329b,2025-06-17 12:10:27,2025-06-17 12:19:55,026a06f2-51ce-47cb-973f-d21c062e5dad,55224734-2ad8-4a19-9e4c-a66de06b42f9,d3881bec-c426-404a-b9d9-27b637f1622e,non-member,ba4f910c-824c-49d2-a552-279aa13014ba
eb3287c2-ea19-4f4c-91fb-46dad636bc98,2025-06-17 16:03:33,2025-06-17 20:47:05,026a06f2-51ce-47cb-973f-d21c062e5dad,99aa4b03-ea08-43a4-94dd-7646fcbcf36c,d3881bec-c426-404a-b9d9-27b637f1622e,member,882aa48c-8731-4720-b4ce-d3723cd9b7db
bfe08db3-d78f-4276-8ff9-42bc7b89cf7c,2025-06-17 21:46:48,2025-06-17 22:55:24,026a06f2-51ce-47cb-973f-d21c062e5dad,810a7fc4-5b2b-467b-9a52-7d61ff794a7b,d3881bec-c426-404a-b9d9-27b637f1622e,non-member,513a18f3-e8c0-44c2-9d54-ab7d927f7ebe
4c4fc3f5-d323-463a-b21b-588d16ba422b,2025-06-17 01:37:09,2025-06-17 03:30:10,3405b75d-474c-4774-9805-afc93f409d64,bcea2fb3-eaf4-4a1d-b631-c910b29db6da,d6ce88de-42ee-47e9-a3a3-f9de4700745a,non-member,ce79b209-c068-4be7-80c6-12d51e127d16
5d2d2e36-801c-4fbc-a206-a1b470d9c5ba,2025-06-17 09:00:56,2025-06-17 09:10:24,3405b75d-474c-4774-9805-afc93f409d64,96bd6410-a693-4dec-b53c-e67b25cb314a,d6ce88de-42ee-47e9-a3a3-f9de4700745a,member,d4cd29ad-0a15-435b-9fa7-33987285c25f
3d5215b9-3570-4e14-a8fc-51f608c1de0d,2025-06-17 12:26:19,2025-06-17 15:46:29,3405b75d-474c-4774-9805-afc93f409d64,1dcf5fb5-8676-48e2-b6ff-b343c5ffa597,d6ce88de-42ee-47e9-a3a3-f9de4700745a,member,ee64a6cd-d4ba-4193-b70d-ecf4e5298cfa
f083701a-c499-4561-a92b-b0caae0941ae,2025-06-17 16:24:52,2025-06-17 18:06:36,3405b75d-474c-4774-9805-afc93f409d64,2b74a5a2-1bd3-4aa9-88ef-d299f1d175a9,d6ce88de-42ee-47e9-a3a3-f9de4700745a,member,3bb08922-82c0-4979-92bc-b0d1706c442e
54a08c1b-07b8-4865-bbc2-79c630c64f68,2025-06-17 19:25:47,2025-06-17 22:58:58,3405b75d-474c-4774-9805-afc93f409d64,1dcf5fb5-8676-48e2-b6ff-b343c5ffa597,d6ce88de-42ee-47e9-a3a3-f9de4700745a,non-member,f47b6fb4-e11e-4dc1-af7b-fae3650d4b46
f4fd5e33-6c97-4c87-b6a0-d2796cce5a85,2025-06-17 22:58:58,2025-06-17 23:33:24,3405b75d-474c-4774-9805-afc93f409d64,55224734-2ad8-4a19-9e4c-a66de06b42f9,d6ce88de-42ee-47e9-a3a3-f9de4700745a,non-member,f28cd2ad-b1a5-4e93-9246-b3f24d0fbc8b
